customer_id,email,clean_email,clean_kyc_status,country_code,domain,domain_valid_flag,email_valid_flag,unusual_domain_flag,kyc_incomplete_flag,high_risk_country_flag,customer_risk_score,customer_risk_level
C004,nina@@gmail.com,nina@@gmail.com,incomplete,US,@gmail.com,1,1,0,1,0,3,HIGH
C005,omid.karimi@mail.ru,omid.karimi@mail.ru,complete,RU,mail.ru,0,0,1,0,1,4,HIGH
C006,lina.chen@protonmail.com,lina.chen@protonmail.com,pending,CN,protonmail.com,0,0,1,1,0,4,HIGH
C007,john.smith@tempmail.com,john.smith@tempmail.com,complete,CA,tempmail.com,0,0,1,0,0,3,HIGH
C008,mary.jones@company.ir,mary.jones@company.ir,complete,IR,company.ir,0,0,1,0,1,4,HIGH
C010,rana.noor@unknown.xyz,rana.noor@unknown.xyz,incomplete,AE,unknown.xyz,0,0,1,1,0,4,HIGH
C012, leila_ahmadi@gmail,leila_ahmadi@gmail,pending,IR,gmail,1,1,0,1,1,4,HIGH
C013,tom.hardy@@hotmail.com,tom.hardy@@hotmail.com,incomplete,CA,@hotmail.com,1,1,0,1,0,3,HIGH
C014,ana.white@secure-mail.net,ana.white@secure-mail.net,complete,RU,secure-mail.net,0,0,0,0,1,3,HIGH
